[
    {
        "timestamp": "2021-01-27T02:48:02.529Z",
        "watermelonWithFetaCheese": 1,
        "cheesePizzaWithRanchDressing": 5,
        "soySauceOnSpaghetti": 3,
        "iceCreamWithChiliSauce": 1,
        "garlicWithRamen": 3
    },
    {
        "timestamp": "2021-01-27T02:48:04.214Z",
        "watermelonWithFetaCheese": 5,
        "cheesePizzaWithRanchDressing": 4,
        "soySauceOnSpaghetti": 5,
        "iceCreamWithChiliSauce": 1,
        "garlicWithRamen": 4
    },
    {
        "timestamp": "2021-01-27T02:48:05.138Z",
        "watermelonWithFetaCheese": 2,
        "cheesePizzaWithRanchDressing": 4,
        "soySauceOnSpaghetti": 4,
        "iceCreamWithChiliSauce": 4,
        "garlicWithRamen": 5
    },
    {
        "timestamp": "2021-01-27T02:48:05.520Z",
        "watermelonWithFetaCheese": 1,
        "cheesePizzaWithRanchDressing": 2,
        "soySauceOnSpaghetti": 3,
        "iceCreamWithChiliSauce": 3,
        "garlicWithRamen": 4
    },
    {
        "timestamp": "2021-01-27T02:48:11.098Z",
        "watermelonWithFetaCheese": 1,
        "cheesePizzaWithRanchDressing": 5,
        "soySauceOnSpaghetti": 5,
        "iceCreamWithChiliSauce": 4,
        "garlicWithRamen": 4
    },
    {
        "timestamp": "2021-01-27T02:48:14.848Z",
        "watermelonWithFetaCheese": 2,
        "cheesePizzaWithRanchDressing": 4,
        "soySauceOnSpaghetti": 3,
        "iceCreamWithChiliSauce": 2,
        "garlicWithRamen": 1
    },
    {
        "timestamp": "2021-01-27T02:48:16.147Z",
        "watermelonWithFetaCheese": 4,
        "cheesePizzaWithRanchDressing": 3,
        "soySauceOnSpaghetti": 4,
        "iceCreamWithChiliSauce": 2,
        "garlicWithRamen": 4
    },
    {
        "timestamp": "2021-01-27T02:48:27.096Z",
        "watermelonWithFetaCheese": 1,
        "cheesePizzaWithRanchDressing": 3,
        "soySauceOnSpaghetti": 5,
        "iceCreamWithChiliSauce": 5,
        "garlicWithRamen": 5
    },
    {
        "timestamp": "2021-01-27T02:48:28.716Z",
        "watermelonWithFetaCheese": 2,
        "cheesePizzaWithRanchDressing": 2,
        "soySauceOnSpaghetti": 3,
        "iceCreamWithChiliSauce": 1,
        "garlicWithRamen": 2
    },
    {
        "timestamp": "2021-01-27T02:48:29.403Z",
        "watermelonWithFetaCheese": 1,
        "cheesePizzaWithRanchDressing": 3,
        "soySauceOnSpaghetti": 4,
        "iceCreamWithChiliSauce": 5,
        "garlicWithRamen": 5
    },
    {
        "timestamp": "2021-01-27T02:48:32.183Z",
        "watermelonWithFetaCheese": 2,
        "cheesePizzaWithRanchDressing": 5,
        "soySauceOnSpaghetti": 5,
        "iceCreamWithChiliSauce": 4,
        "garlicWithRamen": 5
    },
    {
        "timestamp": "2021-01-27T02:48:33.725Z",
        "watermelonWithFetaCheese": 1,
        "cheesePizzaWithRanchDressing": 2,
        "soySauceOnSpaghetti": 3,
        "iceCreamWithChiliSauce": 1,
        "garlicWithRamen": 2
    },
    {
        "timestamp": "2021-01-27T02:48:34.622Z",
        "watermelonWithFetaCheese": 3,
        "cheesePizzaWithRanchDressing": 4,
        "soySauceOnSpaghetti": 2,
        "iceCreamWithChiliSauce": 4,
        "garlicWithRamen": 2
    },
    {
        "timestamp": "2021-01-27T02:48:54.515Z",
        "watermelonWithFetaCheese": 2,
        "cheesePizzaWithRanchDressing": 5,
        "soySauceOnSpaghetti": 5,
        "iceCreamWithChiliSauce": 2,
        "garlicWithRamen": 3
    },
    {
        "timestamp": "2021-01-27T02:49:03.752Z",
        "watermelonWithFetaCheese": 3,
        "cheesePizzaWithRanchDressing": 4,
        "soySauceOnSpaghetti": 2,
        "iceCreamWithChiliSauce": 2,
        "garlicWithRamen": 4
    }
]
